case,tiempo_promedio_s,desviacion_estd_s,inferencias_por_s
Promedio general,0.001378831515709559,0.00041175059193596824,725.2517719580778
